{"cameraMode":{"drawMode":0,"name":"Shaded","section":"Shading Mode"},"sceneLighting":true,"audioPlay":false,"sceneViewState":{"showFog":false,"showMaterialUpdate":false,"showSkybox":false,"showFlares":false,"showImageEffects":false,"showParticleSystems":false},"in2DMode":false,"pivot":{"x":2.459625244140625,"y":2.8174281120300295,"z":-1.7096624374389649},"rotation":{"x":0.24458876252174378,"y":0.12785784900188447,"z":-0.03252401947975159,"w":0.9606359601020813},"size":5.348175525665283,"orthographic":false}