{"cameraMode":{"drawMode":0,"name":"Shaded","section":"Shading Mode"},"sceneLighting":true,"audioPlay":false,"sceneViewState":{"showFog":false,"showMaterialUpdate":false,"showSkybox":false,"showFlares":false,"showImageEffects":false,"showParticleSystems":false},"in2DMode":false,"pivot":{"x":-1.3861892223358155,"y":18.04692840576172,"z":-6.290838241577148},"rotation":{"x":0.4358699321746826,"y":0.08779619634151459,"z":-0.04284348711371422,"w":0.8947599530220032},"size":11.254253387451172,"orthographic":false}