{"cameraMode":{"drawMode":0,"name":"Shaded","section":"Shading Mode"},"sceneLighting":true,"audioPlay":false,"sceneViewState":{"showFog":false,"showMaterialUpdate":false,"showSkybox":false,"showFlares":false,"showImageEffects":false,"showParticleSystems":false},"in2DMode":false,"pivot":{"x":4.544376850128174,"y":-3.484464168548584,"z":1.2754307985305787},"rotation":{"x":0.31673017144203188,"y":0.5002433657646179,"z":-0.20324625074863435,"w":0.7799079418182373},"size":6.101746559143066,"orthographic":false}