{"cameraMode":{"drawMode":0,"name":"Shaded","section":"Shading Mode"},"sceneLighting":true,"audioPlay":false,"sceneViewState":{"showFog":false,"showMaterialUpdate":false,"showSkybox":false,"showFlares":false,"showImageEffects":false,"showParticleSystems":false},"in2DMode":false,"pivot":{"x":0.9801727533340454,"y":1.9268590211868287,"z":-0.600935697555542},"rotation":{"x":-0.0027208104729652406,"y":-0.9966306090354919,"z":0.07309361547231674,"w":-0.03709994629025459},"size":6.90739631652832,"orthographic":false}